{
    "accessCodeLifespan": 7200, 
    "accessCodeLifespanLogin": 1800, 
    "accessCodeLifespanUserAction": 300, 
    "accessTokenLifespan": 86400, 
    "accessTokenLifespanForImplicitFlow": 900, 
    "actionTokenGeneratedByAdminLifespan": 43200, 
    "actionTokenGeneratedByUserLifespan": 300, 
    "adminEventsDetailsEnabled": false, 
    "adminEventsEnabled": false, 
    "attributes": {}, 
    "browserFlow": "browser", 
    "browserSecurityHeaders": {
        "contentSecurityPolicy": "frame-src 'self'; frame-ancestors 'self'; object-src 'none';", 
        "contentSecurityPolicyReportOnly": "", 
        "strictTransportSecurity": "max-age=31536000; includeSubDomains", 
        "xContentTypeOptions": "nosniff", 
        "xFrameOptions": "SAMEORIGIN", 
        "xRobotsTag": "none", 
        "xXSSProtection": "1; mode=block"
    }, 
    "bruteForceProtected": false, 
    "clientAuthenticationFlow": "clients", 
    "defaultRoles": [
        "offline_access", 
        "uma_authorization"
    ], 
    "directGrantFlow": "direct grant", 
    "displayName": "mosip", 
    "dockerAuthenticationFlow": "docker auth", 
    "duplicateEmailsAllowed": false, 
    "editUsernameAllowed": false, 
    "enabled": true, 
    "enabledEventTypes": [], 
    "eventsEnabled": false, 
    "eventsListeners": [
        "jboss-logging"
    ], 
    "failureFactor": 30, 
    "id": "mosip", 
    "internationalizationEnabled": false, 
    "loginWithEmailAllowed": true, 
    "maxDeltaTimeSeconds": 43200, 
    "maxFailureWaitSeconds": 900, 
    "minimumQuickLoginWaitSeconds": 60, 
    "notBefore": 0, 
    "offlineSessionIdleTimeout": 2592000, 
    "offlineSessionMaxLifespan": 5184000, 
    "offlineSessionMaxLifespanEnabled": false, 
    "otpPolicyAlgorithm": "HmacSHA1", 
    "otpPolicyDigits": 6, 
    "otpPolicyInitialCounter": 0, 
    "otpPolicyLookAheadWindow": 1, 
    "otpPolicyPeriod": 30, 
    "otpPolicyType": "totp", 
    "otpSupportedApplications": [
        "FreeOTP", 
        "Google Authenticator"
    ], 
    "permanentLockout": false, 
    "quickLoginCheckMilliSeconds": 1000, 
    "realm": "mosip", 
    "refreshTokenMaxReuse": 0, 
    "registrationAllowed": false, 
    "registrationEmailAsUsername": false, 
    "registrationFlow": "registration", 
    "rememberMe": false, 
    "requiredCredentials": [
        "password"
    ], 
    "resetCredentialsFlow": "reset credentials", 
    "resetPasswordAllowed": false, 
    "revokeRefreshToken": false, 
    "smtpServer": {}, 
    "sslRequired": "external", 
    "ssoSessionIdleTimeout": 86400, 
    "ssoSessionIdleTimeoutRememberMe": 0, 
    "ssoSessionMaxLifespan": 36000, 
    "ssoSessionMaxLifespanRememberMe": 0, 
    "supportedLocales": [], 
    "userManagedAccessAllowed": false, 
    "verifyEmail": false, 
    "waitIncrementSeconds": 60, 
    "webAuthnPolicyAcceptableAaguids": [], 
    "webAuthnPolicyAttestationConveyancePreference": "not specified", 
    "webAuthnPolicyAuthenticatorAttachment": "not specified", 
    "webAuthnPolicyAvoidSameAuthenticatorRegister": false, 
    "webAuthnPolicyCreateTimeout": 0, 
    "webAuthnPolicyPasswordlessAcceptableAaguids": [], 
    "webAuthnPolicyPasswordlessAttestationConveyancePreference": "not specified", 
    "webAuthnPolicyPasswordlessAuthenticatorAttachment": "not specified", 
    "webAuthnPolicyPasswordlessAvoidSameAuthenticatorRegister": false, 
    "webAuthnPolicyPasswordlessCreateTimeout": 0, 
    "webAuthnPolicyPasswordlessRequireResidentKey": "not specified", 
    "webAuthnPolicyPasswordlessRpEntityName": "keycloak", 
    "webAuthnPolicyPasswordlessRpId": "", 
    "webAuthnPolicyPasswordlessSignatureAlgorithms": [
        "ES256"
    ], 
    "webAuthnPolicyPasswordlessUserVerificationRequirement": "not specified", 
    "webAuthnPolicyRequireResidentKey": "not specified", 
    "webAuthnPolicyRpEntityName": "keycloak", 
    "webAuthnPolicyRpId": "", 
    "webAuthnPolicySignatureAlgorithms": [
        "ES256"
    ], 
    "webAuthnPolicyUserVerificationRequirement": "not specified"
} 

