<?xml version="1.0" encoding="UTF-8"?>
<!-- ~ Copyright 2017 Red Hat, Inc. ~ ~ Red Hat licenses this file to you 
     	under the Apache License, version 2.0 ~ (the "License"); you may not use 
	this file except in compliance with the ~ License. You may obtain a copy 
	of the License at: ~ ~ http://www.apache.org/licenses/LICENSE-2.0 ~ ~ Unless 
	required by applicable law or agreed to in writing, software ~ distributed 
	under the License is distributed on an "AS IS" BASIS, WITHOUT ~ WARRANTIES 
	OR CONDITIONS OF ANY KIND, either express or implied. See the ~ License for 
	the specific language governing permissions and limitations ~ under the License. -->

<hazelcast
	xsi:schemaLocation="http://www.hazelcast.com/schema/config hazelcast-config-3.10.xsd"
	xmlns="http://www.hazelcast.com/schema/config"
	xmlns:xsi="http://www.w3.org/2001/XMLSchema-instance">
 <properties>
   <property name="hazelcast.discovery.enabled">true</property>
 </properties>
<group>
		<name>k8s</name>
		<password/>
	</group>
 <network>
   <join>
     <multicast enabled="false"/>
     <tcp-ip enabled="false" />

     <discovery-strategies>
       <discovery-strategy enabled="true"
           class="com.hazelcast.kubernetes.HazelcastKubernetesDiscoveryStrategy">
         <properties>
           <property name="service-dns">service-hazelcast-server.default.svc.cluster.local</property>
         </properties>
       </discovery-strategy>
     </discovery-strategies>
   </join>
 </network>
</hazelcast>
