{
	"ida-mapping": {
		"name": [
			"fullName"
		],
		"dob": [
			"dateOfBirth"
		],
		"dobType": [],
		"age": [
			"dateOfBirth"
		],
		"gender": [
			"gender"
		],
		"phoneNumber": [
			"phone"
		],
		"emailId": [
			"email"
		],
		"addressLine1": [
			"addressLine1"
		],
		"addressLine2": [
			"addressLine2"
		],
		"addressLine3": [
			"addressLine3"
		],
		"location1": [
			"city"
		],
		"location2": [
			"region"
		],
		"location3": [
			"province"
		],
		"postalCode": [
			"postalCode"
		],
		"fullAddress": [
			"addressLine1",
			"addressLine2",
			"addressLine3",
			"city",
			"region",
			"province",
			"postalCode"
		],
		"otp": [
			"otp"
		],
		"pin": [
			"pin"
		],
		"iris": [
			"CBEFF"
		],
		"fingerprint": [
			"CBEFF"
		],
		"face": [
			"CBEFF"
		]
	}
}