{
  "vidPolicies": [
    {
      "vidType": "Perpetual",
      "vidPolicy": {
        "validForInMinutes": null,
        "transactionsAllowed": null,
        "instancesAllowed": 1,
		"autoRestoreAllowed": true,
		"restoreOnAction": "REVOKED"
      }
    },
    {
      "vidType": "Temporary",
      "vidPolicy": {
        "validForInMinutes": 30,
        "transactionsAllowed": 1,
        "instancesAllowed": 5,
        "autoRestoreAllowed": false,
		"restoreOnAction": "REGENERATE"
      }
    }
  ]
}