{
	"$id": "http://mosip.io/id_object/1.0/id_object.json",
	"$schema": "http://json-schema.org/draft-07/schema#",
	"title": "MOSIP ID schema",
	"description": "Sample ID schema",
	"type": "object",
	"additionalProperties": false,
	"properties": {
		"identity": {
			"title": "identity",
			"description": "This schema holds all the attributes of an Identity",
			"type": "object",
			"additionalProperties": false,
			"properties": {
				"IDSchemaVersion": {
					"type": "number",
					"minimum": 0
				},
				"UIN": {
					"type": "integer",
					"minimum": 0
				},
				"fullName": {
					"$ref": "#/definitions/simpleType"
				},
				"dateOfBirth": {
					"type": "string"
				},
				"age": {
					"type": "integer"
				},
				"gender": {
					"$ref": "#/definitions/simpleType"
				},
				"addressLine1": {
					"$ref": "#/definitions/simpleType"
				},
				"addressLine2": {
					"$ref": "#/definitions/simpleType"
				},
				"addressLine3": {
					"$ref": "#/definitions/simpleType"
				},
				"region": {
					"$ref": "#/definitions/simpleType"
				},
				"province": {
					"$ref": "#/definitions/simpleType"
				},
				"city": {
					"$ref": "#/definitions/simpleType"
				},
				"postalCode": {
					"type": "string"
				},
				"phone": {
					"type": "string"
				},
				"email": {
					"type": "string"
				},
				"residenceStatus": {
					"$ref": "#/definitions/simpleType"
				},
				"referenceIdentityNumber": {
					"type": "string"
				},
				"zone": {
					"$ref": "#/definitions/simpleType"
				},
				"CNIENumber": {
					"type": "string"
				},
				"localAdministrativeAuthority": {
					"$ref": "#/definitions/simpleType"
				},
				"parentOrGuardianName": {
					"$ref": "#/definitions/simpleType"
				},
				"parentOrGuardianRID": {
					"type": "integer",
					"minimum": 0
				},
				"parentOrGuardianUIN": {
					"type": "integer",
					"minimum": 0
				},
				"proofOfAddress": {
					"$ref": "#/definitions/documentType"
				},                               
				"proofOfIdentity": {
					"$ref": "#/definitions/documentType"
				},
				"proofOfRelationship": {
					"$ref": "#/definitions/documentType"
				},
				"proofOfDateOfBirth": {
					"$ref": "#/definitions/documentType"
				},
				"proofOfException": {
					"$ref": "#/definitions/documentType"
				},
				"individualBiometrics": {
					"$ref": "#/definitions/biometricsType"
				},
				"parentOrGuardianBiometrics": {
					"$ref": "#/definitions/biometricsType"
				}
			}
		}
	},
	"definitions": {
		"simpleType": {
			"type": "array",
			"additionalItems": false,
			"uniqueItems": true,
			"items": {
				"type": "object",
				"required": [
					"language",
					"value"
				],
				"additionalProperties": false,
				"properties": {
					"language": {
						"type": "string",
						"pattern": "^[(?i)a-z]{3}$"
					},
					"value": {
						"type": "string"
					}
				}
			}
		},
		"documentType": {
			"type": "object",
			"properties": {
				"format": {
					"type": "string"
				},
				"type": {
					"type": "string"
				},
				"value": {
					"type": "string"
				}
			},
			"additionalProperties": false
		},
		"biometricsType": {
			"type": "object",
			"properties": {
				"format": {
					"type": "string"
				},
				"version": {
					"type": "number",
					"minimum": 0
				},
				"value": {
					"type": "string"
				}
			},
			"additionalProperties": false
		}
	}
}