{
   "identity":[
        {
           "id":"fullName",
           "description":"Enter Full Name",
           "labelName":{
           "eng":"Full Name",
           "ara":"الاسم الكامل",
           "fra":"Nom complet"
           },
           "controlType":"textbox",
           "inputRequired":true,
           "validators":[
              {
                 "type":"regex",
                 "validator":"^(?=.{0,50}$).*",
                 "arguments":[

                 ]
              }
           ],
           "required":true
        },
        {
           "id":"dateOfBirth",
           "description":"Enter DOB",
           "labelName":{
           "eng":"Date Of Birth",
           "ara":"تاريخ الولادة",
           "fra":"Date de naissance"
           },
           "controlType":"date",
           "inputRequired":true,
           "validators":[
           ],
           "required":true
        },
        {
           "id":"gender",
           "description":"Enter Gender",
           "labelName":{
           "eng":"Gender",
           "ara":"جنس",
           "fra":"Le genre"
           },
           "controlType":"dropdown",
           "inputRequired":true,
           "validators":[

           ],
           "required":true
        },
        {
           "id":"residenceStatus",
           "description":"Residence status",
           "labelName":{
           "eng":"Residence Status",
           "ara":"حالة الإقامة",
           "fra":"Statut de résidence"
           },
           "controlType":"dropdown",
           "inputRequired":true,
           "validators":[

           ],
           "required":true
        },
        {
           "id":"addressLine1",
           "description":"addressLine1",
           "labelName":{
           "eng":"Address Line1",
           "ara":"العنوان السطر 1",
           "fra":"Adresse 1"
           },
           "controlType":"textbox",
           "inputRequired":true,
           "validators":[
              {
                 "type":"regex",
                 "validator":"^(?=.{0,50}$).*",
                 "arguments":[

                 ]
              }
           ],
           "required":true
        },
        {
           "id":"addressLine2",
           "description":"addressLine2",
           "labelName":{
           "eng":"Address Line2",
           "ara":"العنوان السطر 2",
           "fra":"Adresse 2"
           },
           "controlType":"textbox",
           "inputRequired":true,
           "validators":[
              {
                 "type":"regex",
                 "validator":"^(?=.{0,50}$).*",
                 "arguments":[

                 ]
              }
           ],
           "required":false
        },
        {
           "id":"addressLine3",
           "description":"addressLine3",
           "labelName":{
           "eng":"Address Line3",
           "ara":"العنوان السطر 3",
           "fra":"Adresse 3"
           },
           "controlType":"textbox",
           "inputRequired":true,
           "validators":[
              {
                 "type":"regex",
                 "validator":"^(?=.{0,50}$).*",
                 "arguments":[

                 ]
              }
           ],
           "required":false
        },
        {
           "id":"region",
           "description":"region",
           "labelName":{
           "eng":"Region",
           "ara":"منطقة",
           "fra":"Région"
           },
           "controlType":"dropdown",
           "inputRequired":true,
           "validators":[
              {
                 "type":"regex",
                 "validator":"^(?=.{0,50}$).*",
                 "arguments":[

                 ]
              }
           ],
           "required":true
        },
        {
           "id":"province",
           "description":"province",
           "labelName":{
           "eng":"Province",
           "ara":"المحافظة",
           "fra":"Province"
           },
           "controlType":"dropdown",
           "inputRequired":true,
           "validators":[
              {
                 "type":"regex",
                 "validator":"^(?=.{0,50}$).*",
                 "arguments":[

                 ]
              }
           ],
           "required":true
        },
        {
           "id":"city",
           "description":"city",
           "labelName":{
           "eng":"City",
           "ara":"مدينة",
           "fra":"Ville"
           },
           "controlType":"dropdown",
           "inputRequired":true,
           "validators":[
              {
                 "type":"regex",
                 "validator":"^(?=.{0,50}$).*",
                 "arguments":[

                 ]
              }
           ],
           "required":true
        },
        {
           "id":"zone",
           "description":"zone",
           "labelName":{
           "eng":"Zone",
           "ara":"منطقة",
           "fra":"Zone"
           },
           "controlType":"dropdown",
           "inputRequired":true,
           "validators":[

           ],
           "required":true
        },
        {
           "id":"postalCode",
           "description":"postalCode",
           "labelName":{
           "eng":"Postal Code",
           "ara":"الكود البريدى",
           "fra":"code postal"
           },
           "controlType":"dropdown",
           "inputRequired":true,
           "validators":[
              {
                 "type":"regex",
                 "validator":"^[(?i)A-Z0-9]{5}$|^NA$",
                 "arguments":[

                 ]
              }
           ],
           "required":true
        },
        {
           "id":"phone",
           "description":"phone",
           "labelName":{
           "eng":"Phone",
           "ara":"هاتف",
           "fra":"Téléphone"
           },
           "controlType":"textbox",
           "inputRequired":true,
           "validators":[
              {
                 "type":"regex",
                 "validator":"^([6-9]{1})([0-9]{9})$",
                 "arguments":[

                 ]
              }
           ],
           "required":true
        },
        {
           "id":"email",
           "description":"email",
           "labelName":{
           "eng":"Email",
           "ara":"البريد الإلكتروني",
           "fra":"Email"
           },
           "controlType":"textbox",
           "inputRequired":true,
           "validators":[
              {
                 "type":"regex",
                 "validator":"^[\\w-\\+]+(\\.[\\w]+)*@[\\w-]+(\\.[\\w]+)*(\\.[a-zA-Z]{2,})$",
                 "arguments":[

                 ]
              }
           ],
           "required":true
        },
        {
           "id":"proofOfAddress",
           "description":"proofOfAddress",
           "labelName":[{"value":"Address Proof","language":"eng"}],
           "controlType":"fileupload",
           "inputRequired":true,
           "validators":[

           ],
           "required":false
        },
        {
           "id":"proofOfIdentity",
           "description":"proofOfIdentity",
           "labelName": [{"value":"Identity Proof","language":"eng"}],
           "controlType":"fileupload",
           "inputRequired":true,
           "validators":[

           ],
           "required":true
        },
        {
           "id":"proofOfRelationship",
           "description":"proofOfRelationship",
           "labelName":[{"value":"Relationship Proof","language":"eng"}],
           "controlType":"fileupload",
           "inputRequired":true,
           "validators":[

           ],
           "required":true
        },
        {
           "id":"proofOfDateOfBirth",
           "description":"proofOfDateOfBirth",
           "labelName":[{"value":"DOB Proof","language":"eng"}],
           "controlType":"fileupload",
           "inputRequired":true,
           "validators":[

           ],
           "required":true
        },
        {
           "id":"proofOfException",
           "description":"proofOfException",
           "labelName": [{"value":"Exception Proof","language":"eng"}],
           "controlType":"fileupload",
           "inputRequired":true,
           "validators":[

           ],
           "required":true
        },
        {
           "id":"proofOfException-1",
           "description":"proofOfException",
           "labelName":[{"value":"Exception Proof 2","language":"eng"}],
           "controlType":"fileupload",
           "inputRequired":true,
           "validators":[

           ],
           "required":true
        }
   ],
   "locationHierarchy": ["region", "province","city","zone","postalCode"]
}
