<routes xmlns="http://camel.apache.org/schema/spring">
    <!-- securezone-notification to packet-uploader Route -->
    <route id="securezone-notification-->packet-uploader res_update route">
        <from uri="vertx:securezone-notification-res_update-bus-out" />
        <log
                message="securezone-notification-->packet-uploader res_update route ${bodyAs(String)}" />
        <choice>
            <when>
                <simple>${bodyAs(String)} contains '"isValid":true'</simple>
                <to uri="vertx:packet-uploader-bus-in" />
            </when>
            <when>
                <simple>${bodyAs(String)} contains '"internalError":true'</simple>
                <to uri="vertx:retry-bus-in" />
            </when>
            <otherwise>
                <to uri="vertx:error-bus-in" />
            </otherwise>
        </choice>
    </route>
    <!-- packet-uploader to packet-validator Route -->
    <route id="packet-uploader-->packet-validator res_update route">
    <from uri="vertx:packet-uploader-res_update-bus-out" />
    <log
            message="packet-uploader-->packet-validator res_update route ${bodyAs(String)}" />
        <choice>
            <when>
                <simple>${bodyAs(String)} contains '"isValid":true'</simple>
                <to uri="vertx:packet-validator-bus-in" />
            </when>
            <when>
                <simple>${bodyAs(String)} contains '"internalError":true'</simple>
                <to uri="vertx:retry-bus-in" />
            </when>
            <otherwise>
                <to uri="vertx:error-bus-in" />
            </otherwise>
        </choice>
    </route>
    <route id="packet-validator-->demo-dedupe res_update route">
        <from uri="vertx:packet-validator-res_update-bus-out" />
        <log
                message="packet-validator-->demo-dedupe res_update route ${bodyAs(String)}" />
        <choice>
            <when>
                <simple>${bodyAs(String)} contains '"isValid":true'</simple>
                <to uri="vertx:demo-dedupe-bus-in" />
            </when>
            <when>
                <simple>${bodyAs(String)} contains '"internalError":true'</simple>
                <to uri="vertx:retry-bus-in" />
            </when>
            <otherwise>
                <to uri="vertx:error-bus-in" />
            </otherwise>
        </choice>
    </route>
    <route id="demo-dedupe-->uin-generation res_update route">
        <from uri="vertx:demo-dedupe-res_update-bus-out" />
        <log
            message="demo-dedupe-->uin-generation res_update route ${bodyAs(String)}" />
        <choice>
            <when>
                <simple>${bodyAs(String)} contains '"isValid":true'</simple>
                <to uri="vertx:uin-generator-bus-in" />
            </when>
            <when>
                <simple>${bodyAs(String)} contains '"address":"abis-handler-bus-in"'</simple>
                <to uri="vertx:abis-handler-bus-in" />
            </when>
            <when>
                <simple>${bodyAs(String)} contains '"isValid":false' and ${bodyAs(String)} contains '"internalError":false'</simple>
                <to uri="vertx:message-sender-bus-in"/>
            </when>
            <when>
                <simple>${bodyAs(String)} contains '"internalError":true'</simple>
                <to uri="vertx:retry-bus-in" />
            </when>
            <otherwise>
                <to uri="vertx:error-bus-in" />
            </otherwise>
        </choice>
    </route>
    <route id="abis-handler-->abis-middleware res_update route">
        <from uri="vertx:abis-handler-res_update-bus-out" />
        <log
            message="abis-handler-->abis-middleware res_update route ${bodyAs(String)}" />
        <choice>
            <when>
                <simple>${bodyAs(String)} contains '"address":"abis-middle-ware-bus-in"'</simple>
                <to uri="vertx:abis-middle-ware-bus-in" />
            </when>
            <when>
                <simple>${bodyAs(String)} contains '"address":"demo-dedupe-bus-in"'</simple>
                <to uri="vertx:demo-dedupe-bus-in" />
            </when>
            <when>
                <simple>${bodyAs(String)} contains '"address":"bio-dedupe-bus-in"'</simple>
                <to uri="vertx:bio-dedupe-bus-in"/>
            </when>
        </choice>
    </route>
    <route id="manual-verification-->uin-generation res_update route">
        <from uri="vertx:manual-verification-res_update-bus-out" />
        <log
            message="manual-verification-->uin-generation res_update route ${bodyAs(String)}" />
        <choice>
            <when>
                <simple>${bodyAs(String)} contains '"isValid":true'</simple>
                <to uri="vertx:uin-generator-bus-in" />
            </when>
            <when>
                <simple>${bodyAs(String)} contains '"isValid":false' and ${bodyAs(String)} contains '"internalError":false'</simple>
                <to uri="vertx:message-sender-bus-in" />
            </when>
            <when>
                <simple>${bodyAs(String)} contains '"internalError":true'</simple>
                <to uri="vertx:retry-bus-in" />
            </when>
            <otherwise>
                <to uri="vertx:error-bus-in" />
            </otherwise>
        </choice>
    </route>
    <!-- UIN Generator to Printing and Message Sender Route -->
    <route id="uin-generation route-->printing-stage-->message-sender res_update route">
        <from uri="vertx:uin-generator-res_update-bus-out" />
        <log
            message="uin-generation-->printing-stage and message-sender-stage res_update route ${bodyAs(String)}" />
        <choice>
            <when>
                <simple>${bodyAs(String)} contains '"isValid":true'</simple>
                <to uri="vertx:message-sender-bus-in" />
                <to uri="vertx:printing-bus-in" />
            </when>
            <when>
                <simple>${bodyAs(String)} contains '"internalError":true'</simple>
                <to uri="vertx:retry-bus-in" />
            </when>
            <otherwise>
                <to uri="vertx:error-bus-in" />
            </otherwise>
        </choice>
    </route>
</routes>
