<routes xmlns="http://camel.apache.org/schema/spring">
	<!-- Packet-Reciever to packet-uploader lost Route -->
	<route id="packet-reciever-->packet-uploader lost route">
		<from uri="vertx:packet-receiver-lost-bus-out" />
		<log
			message="packet-reciever-->packet-uploader ${bodyAs(String)}" />
		<choice>
			<when>
				<simple>${bodyAs(String)} contains '"isValid":true'</simple>
				<process ref="tokenGenerationProcessor"/>
				<setHeader headerName="CamelHttpMethod">
					<constant>POST</constant>
				</setHeader>
				<setHeader headerName="Content-Type">
					<constant>application/json</constant>
				</setHeader>
				<setHeader headerName="Cookie">
					<simple>${header.Cookie}</simple>
				</setHeader>
				<setBody>
					<simple>${bodyAs(String)}</simple>
				</setBody>
				<to uri="http://{{ clusters.mz.any_node_ip }}:30080/registrationprocessor/v1/securezone/notification"/>
			</when>
			<when>
				<simple>${bodyAs(String)} contains '"internalError":true'</simple>
				<to uri="vertx:retry-bus-in" />
			</when>
			<otherwise>
				<to uri="vertx:error-bus-in" />
			</otherwise>
		</choice>
	</route>
</routes>
